product_id,product_name,brand_id,category_id,model_year,list_price,extract_time,source_name
1,Trek 820 - 2016,9,6,2016,379.99,2024-04-30 23:48:30.325674,/home/malak/bikestore_dim/products/products.csv
2,Ritchey Timberwolf Frameset - 2016,5,6,2016,749.99,2024-04-30 23:48:30.325674,/home/malak/bikestore_dim/products/products.csv
3,Surly Wednesday Frameset - 2016,8,6,2016,999.99,2024-04-30 23:48:30.325674,/home/malak/bikestore_dim/products/products.csv
4,Trek Fuel EX 8 29 - 2016,9,6,2016,2899.99,2024-04-30 23:48:30.325674,/home/malak/bikestore_dim/products/products.csv
5,Heller Shagamaw Frame - 2016,3,6,2016,1320.99,2024-04-30 23:48:30.325674,/home/malak/bikestore_dim/products/products.csv
6,Surly Ice Cream Truck Frameset - 2016,8,6,2016,469.99,2024-04-30 23:48:30.325674,/home/malak/bikestore_dim/products/products.csv
7,Trek Slash 8 27.5 - 2016,9,6,2016,3999.99,2024-04-30 23:48:30.325674,/home/malak/bikestore_dim/products/products.csv
8,Trek Remedy 29 Carbon Frameset - 2016,9,6,2016,1799.99,2024-04-30 23:48:30.325674,/home/malak/bikestore_dim/products/products.csv
9,Trek Conduit+ - 2016,9,5,2016,2999.99,2024-04-30 23:48:30.325674,/home/malak/bikestore_dim/products/products.csv
10,Surly Straggler - 2016,8,4,2016,1549.0,2024-04-30 23:48:30.325674,/home/malak/bikestore_dim/products/products.csv
11,Surly Straggler 650b - 2016,8,4,2016,1680.99,2024-04-30 23:48:30.325674,/home/malak/bikestore_dim/products/products.csv
12,Electra Townie Original 21D - 2016,1,3,2016,549.99,2024-04-30 23:48:30.325674,/home/malak/bikestore_dim/products/products.csv
13,Electra Cruiser 1 (24-Inch) - 2016,1,3,2016,269.99,2024-04-30 23:48:30.325674,/home/malak/bikestore_dim/products/products.csv
14,Electra Girl's Hawaii 1 (16-inch) - 2015/2016,1,3,2016,269.99,2024-04-30 23:48:30.325674,/home/malak/bikestore_dim/products/products.csv
15,Electra Moto 1 - 2016,1,3,2016,529.99,2024-04-30 23:48:30.325674,/home/malak/bikestore_dim/products/products.csv
12,Electra Townie Original 21D - 2016,1,3,2016,549.99,2024-04-30 23:48:30.325674,/home/malak/bikestore_dim/products/products.csv
13,Electra Cruiser 1 (24-Inch) - 2016,1,3,2016,269.99,2024-04-30 23:48:30.325674,/home/malak/bikestore_dim/products/products.csv
14,Electra Girl's Hawaii 1 (16-inch) - 2015/2016,1,3,2016,269.99,2024-04-30 23:48:30.325674,/home/malak/bikestore_dim/products/products.csv
16,Electra Townie Original 7D EQ - 2016,1,3,2016,599.99,2024-04-30 23:48:30.325674,/home/malak/bikestore_dim/products/products.csv
17,Pure Cycles Vine 8-Speed - 2016,4,3,2016,429.0,2024-04-30 23:48:30.325674,/home/malak/bikestore_dim/products/products.csv
18,Pure Cycles Western 3-Speed - Women's - 2015/2016,4,3,2016,449.0,2024-04-30 23:48:30.325674,/home/malak/bikestore_dim/products/products.csv
19,Pure Cycles William 3-Speed - 2016,4,3,2016,449.0,2024-04-30 23:48:30.325674,/home/malak/bikestore_dim/products/products.csv
20,Electra Townie Original 7D EQ - Women's - 2016,1,3,2016,599.99,2024-04-30 23:48:30.325674,/home/malak/bikestore_dim/products/products.csv
21,Electra Cruiser 1 (24-Inch) - 2016,1,1,2016,269.99,2024-04-30 23:48:30.325674,/home/malak/bikestore_dim/products/products.csv
22,Electra Girl's Hawaii 1 (16-inch) - 2015/2016,1,1,2016,269.99,2024-04-30 23:48:30.325674,/home/malak/bikestore_dim/products/products.csv
23,Electra Girl's Hawaii 1 (20-inch) - 2015/2016,1,1,2016,299.99,2024-04-30 23:48:30.325674,/home/malak/bikestore_dim/products/products.csv
24,Electra Townie Original 21D - 2016,1,2,2016,549.99,2024-04-30 23:48:30.325674,/home/malak/bikestore_dim/products/products.csv
25,Electra Townie Original 7D - 2015/2016,1,2,2016,499.99,2024-04-30 23:48:30.325674,/home/malak/bikestore_dim/products/products.csv
26,Electra Townie Original 7D EQ - 2016,1,2,2016,599.99,2024-04-30 23:48:30.325674,/home/malak/bikestore_dim/products/products.csv
27,Surly Big Dummy Frameset - 2017,8,6,2017,999.99,2024-04-30 23:48:30.325674,/home/malak/bikestore_dim/products/products.csv
28,Surly Karate Monkey 27.5+ Frameset - 2017,8,6,2017,2499.99,2024-04-30 23:48:30.325674,/home/malak/bikestore_dim/products/products.csv
29,Trek X-Caliber 8 - 2017,9,6,2017,999.99,2024-04-30 23:48:30.325674,/home/malak/bikestore_dim/products/products.csv
30,Surly Ice Cream Truck Frameset - 2017,8,6,2017,999.99,2024-04-30 23:48:30.325674,/home/malak/bikestore_dim/products/products.csv
31,Surly Wednesday - 2017,8,6,2017,1632.99,2024-04-30 23:48:30.325674,/home/malak/bikestore_dim/products/products.csv
32,Trek Farley Alloy Frameset - 2017,9,6,2017,469.99,2024-04-30 23:48:30.325674,/home/malak/bikestore_dim/products/products.csv
33,Surly Wednesday Frameset - 2017,8,6,2017,469.99,2024-04-30 23:48:30.325674,/home/malak/bikestore_dim/products/products.csv
34,Trek Session DH 27.5 Carbon Frameset - 2017,9,6,2017,469.99,2024-04-30 23:48:30.325674,/home/malak/bikestore_dim/products/products.csv
35,Sun Bicycles Spider 3i - 2017,7,6,2017,832.99,2024-04-30 23:48:30.325674,/home/malak/bikestore_dim/products/products.csv
36,Surly Troll Frameset - 2017,8,6,2017,832.99,2024-04-30 23:48:30.325674,/home/malak/bikestore_dim/products/products.csv
37,Haro Flightline One ST - 2017,2,6,2017,379.99,2024-04-30 23:48:30.325674,/home/malak/bikestore_dim/products/products.csv
38,Haro Flightline Two 26 Plus - 2017,2,6,2017,549.99,2024-04-30 23:48:30.325674,/home/malak/bikestore_dim/products/products.csv
39,Trek Stache 5 - 2017,9,6,2017,1499.99,2024-04-30 23:48:30.325674,/home/malak/bikestore_dim/products/products.csv
40,Trek Fuel EX 9.8 29 - 2017,9,6,2017,4999.99,2024-04-30 23:48:30.325674,/home/malak/bikestore_dim/products/products.csv
41,Haro Shift R3 - 2017,2,6,2017,1469.99,2024-04-30 23:48:30.325674,/home/malak/bikestore_dim/products/products.csv
42,Trek Fuel EX 5 27.5 Plus - 2017,9,6,2017,2299.99,2024-04-30 23:48:30.325674,/home/malak/bikestore_dim/products/products.csv
43,Trek Fuel EX 9.8 27.5 Plus - 2017,9,6,2017,5299.99,2024-04-30 23:48:30.325674,/home/malak/bikestore_dim/products/products.csv
44,Haro SR 1.1 - 2017,2,6,2017,539.99,2024-04-30 23:48:30.325674,/home/malak/bikestore_dim/products/products.csv
45,Haro SR 1.2 - 2017,2,6,2017,869.99,2024-04-30 23:48:30.325674,/home/malak/bikestore_dim/products/products.csv
46,Haro SR 1.3 - 2017,2,6,2017,1409.99,2024-04-30 23:48:30.325674,/home/malak/bikestore_dim/products/products.csv
47,Trek Remedy 9.8 - 2017,9,6,2017,5299.99,2024-04-30 23:48:30.325674,/home/malak/bikestore_dim/products/products.csv
48,Trek Emonda S 4 - 2017,9,7,2017,1499.99,2024-04-30 23:48:30.325674,/home/malak/bikestore_dim/products/products.csv
49,Trek Domane SL 6 - 2017,9,7,2017,3499.99,2024-04-30 23:48:30.325674,/home/malak/bikestore_dim/products/products.csv
50,Trek Silque SLR 7 Women's - 2017,9,7,2017,5999.99,2024-04-30 23:48:30.325674,/home/malak/bikestore_dim/products/products.csv
51,Trek Silque SLR 8 Women's - 2017,9,7,2017,6499.99,2024-04-30 23:48:30.325674,/home/malak/bikestore_dim/products/products.csv
52,Surly Steamroller - 2017,8,7,2017,875.99,2024-04-30 23:48:30.325674,/home/malak/bikestore_dim/products/products.csv
53,Surly Ogre Frameset - 2017,8,7,2017,749.99,2024-04-30 23:48:30.325674,/home/malak/bikestore_dim/products/products.csv
54,Trek Domane SL Disc Frameset - 2017,9,7,2017,3199.99,2024-04-30 23:48:30.325674,/home/malak/bikestore_dim/products/products.csv
55,Trek Domane S 6 - 2017,9,7,2017,2699.99,2024-04-30 23:48:30.325674,/home/malak/bikestore_dim/products/products.csv
56,Trek Domane SLR 6 Disc - 2017,9,7,2017,5499.99,2024-04-30 23:48:30.325674,/home/malak/bikestore_dim/products/products.csv
57,Trek Emonda S 5 - 2017,9,7,2017,1999.99,2024-04-30 23:48:30.325674,/home/malak/bikestore_dim/products/products.csv
58,Trek Madone 9.2 - 2017,9,7,2017,4999.99,2024-04-30 23:48:30.325674,/home/malak/bikestore_dim/products/products.csv
59,Trek Domane S 5 Disc - 2017,9,7,2017,2599.99,2024-04-30 23:48:30.325674,/home/malak/bikestore_dim/products/products.csv
60,Sun Bicycles ElectroLite - 2017,7,5,2017,1559.99,2024-04-30 23:48:30.325674,/home/malak/bikestore_dim/products/products.csv
61,Trek Powerfly 8 FS Plus - 2017,9,5,2017,4999.99,2024-04-30 23:48:30.325674,/home/malak/bikestore_dim/products/products.csv
62,Trek Boone 7 - 2017,9,4,2017,3499.99,2024-04-30 23:48:30.325674,/home/malak/bikestore_dim/products/products.csv
63,Trek Boone Race Shop Limited - 2017,9,4,2017,3499.99,2024-04-30 23:48:30.325674,/home/malak/bikestore_dim/products/products.csv
64,Electra Townie Original 7D - 2017,1,3,2017,489.99,2024-04-30 23:48:30.325674,/home/malak/bikestore_dim/products/products.csv
65,Sun Bicycles Lil Bolt Type-R - 2017,7,3,2017,346.99,2024-04-30 23:48:30.325674,/home/malak/bikestore_dim/products/products.csv
66,Sun Bicycles Revolutions 24 - 2017,7,3,2017,250.99,2024-04-30 23:48:30.325674,/home/malak/bikestore_dim/products/products.csv
67,Sun Bicycles Revolutions 24 - Girl's - 2017,7,3,2017,250.99,2024-04-30 23:48:30.325674,/home/malak/bikestore_dim/products/products.csv
68,Sun Bicycles Cruz 3 - 2017,7,3,2017,449.99,2024-04-30 23:48:30.325674,/home/malak/bikestore_dim/products/products.csv
69,Sun Bicycles Cruz 7 - 2017,7,3,2017,416.99,2024-04-30 23:48:30.325674,/home/malak/bikestore_dim/products/products.csv
70,Electra Amsterdam Original 3i - 2015/2017,1,3,2017,659.99,2024-04-30 23:48:30.325674,/home/malak/bikestore_dim/products/products.csv
71,Sun Bicycles Atlas X-Type - 2017,7,3,2017,416.99,2024-04-30 23:48:30.325674,/home/malak/bikestore_dim/products/products.csv
72,Sun Bicycles Biscayne Tandem 7 - 2017,7,3,2017,619.99,2024-04-30 23:48:30.325674,/home/malak/bikestore_dim/products/products.csv
73,Sun Bicycles Brickell Tandem 7 - 2017,7,3,2017,749.99,2024-04-30 23:48:30.325674,/home/malak/bikestore_dim/products/products.csv
74,Electra Cruiser Lux 1 - 2017,1,3,2017,439.99,2024-04-30 23:48:30.325674,/home/malak/bikestore_dim/products/products.csv
75,Electra Cruiser Lux Fat Tire 1 Ladies - 2017,1,3,2017,599.99,2024-04-30 23:48:30.325674,/home/malak/bikestore_dim/products/products.csv
76,"Electra Girl's Hawaii 1 16"" - 2017",1,3,2017,299.99,2024-04-30 23:48:30.325674,/home/malak/bikestore_dim/products/products.csv
77,Electra Glam Punk 3i Ladies' - 2017,1,3,2017,799.99,2024-04-30 23:48:30.325674,/home/malak/bikestore_dim/products/products.csv
78,Sun Bicycles Biscayne Tandem CB - 2017,7,3,2017,647.99,2024-04-30 23:48:30.325674,/home/malak/bikestore_dim/products/products.csv
79,Sun Bicycles Boardwalk (24-inch Wheels) - 2017,7,3,2017,402.99,2024-04-30 23:48:30.325674,/home/malak/bikestore_dim/products/products.csv
80,Sun Bicycles Brickell Tandem CB - 2017,7,3,2017,761.99,2024-04-30 23:48:30.325674,/home/malak/bikestore_dim/products/products.csv
81,Electra Amsterdam Fashion 7i Ladies' - 2017,1,3,2017,1099.99,2024-04-30 23:48:30.325674,/home/malak/bikestore_dim/products/products.csv
82,Electra Amsterdam Original 3i Ladies' - 2017,1,3,2017,659.99,2024-04-30 23:48:30.325674,/home/malak/bikestore_dim/products/products.csv
83,Trek Boy's Kickster - 2015/2017,9,1,2017,149.99,2024-04-30 23:48:30.325674,/home/malak/bikestore_dim/products/products.csv
84,Sun Bicycles Lil Kitt'n - 2017,7,1,2017,109.99,2024-04-30 23:48:30.325674,/home/malak/bikestore_dim/products/products.csv
85,Haro Downtown 16 - 2017,2,1,2017,329.99,2024-04-30 23:48:30.325674,/home/malak/bikestore_dim/products/products.csv
86,Trek Girl's Kickster - 2017,9,1,2017,149.99,2024-04-30 23:48:30.325674,/home/malak/bikestore_dim/products/products.csv
87,Trek Precaliber 12 Boys - 2017,9,1,2017,189.99,2024-04-30 23:48:30.325674,/home/malak/bikestore_dim/products/products.csv
88,Trek Precaliber 12 Girls - 2017,9,1,2017,189.99,2024-04-30 23:48:30.325674,/home/malak/bikestore_dim/products/products.csv
89,Trek Precaliber 16 Boys - 2017,9,1,2017,209.99,2024-04-30 23:48:30.325674,/home/malak/bikestore_dim/products/products.csv
90,Trek Precaliber 16 Girls - 2017,9,1,2017,209.99,2024-04-30 23:48:30.325674,/home/malak/bikestore_dim/products/products.csv
91,Trek Precaliber 24 (21-Speed) - Girls - 2017,9,1,2017,349.99,2024-04-30 23:48:30.325674,/home/malak/bikestore_dim/products/products.csv
92,Haro Shredder 20 - 2017,2,1,2017,209.99,2024-04-30 23:48:30.325674,/home/malak/bikestore_dim/products/products.csv
93,Haro Shredder 20 Girls - 2017,2,1,2017,209.99,2024-04-30 23:48:30.325674,/home/malak/bikestore_dim/products/products.csv
94,Haro Shredder Pro 20 - 2017,2,1,2017,249.99,2024-04-30 23:48:30.325674,/home/malak/bikestore_dim/products/products.csv
95,"Electra Girl's Hawaii 1 16"" - 2017",1,1,2017,299.99,2024-04-30 23:48:30.325674,/home/malak/bikestore_dim/products/products.csv
96,Electra Moto 3i (20-inch) - Boy's - 2017,1,1,2017,349.99,2024-04-30 23:48:30.325674,/home/malak/bikestore_dim/products/products.csv
97,Electra Savannah 3i (20-inch) - Girl's - 2017,1,1,2017,349.99,2024-04-30 23:48:30.325674,/home/malak/bikestore_dim/products/products.csv
98,Electra Straight 8 3i (20-inch) - Boy's - 2017,1,1,2017,489.99,2024-04-30 23:48:30.325674,/home/malak/bikestore_dim/products/products.csv
99,Electra Sugar Skulls 1 (20-inch) - Girl's - 2017,1,1,2017,299.99,2024-04-30 23:48:30.325674,/home/malak/bikestore_dim/products/products.csv
92,Haro Shredder 20 - 2017,2,1,2017,209.99,2024-04-30 23:48:30.325674,/home/malak/bikestore_dim/products/products.csv
93,Haro Shredder 20 Girls - 2017,2,1,2017,209.99,2024-04-30 23:48:30.325674,/home/malak/bikestore_dim/products/products.csv
94,Haro Shredder Pro 20 - 2017,2,1,2017,249.99,2024-04-30 23:48:30.325674,/home/malak/bikestore_dim/products/products.csv
100,Electra Townie 3i EQ (20-inch) - Boys' - 2017,1,1,2017,489.99,2024-04-30 23:48:30.325674,/home/malak/bikestore_dim/products/products.csv
101,Electra Townie 7D (20-inch) - Boys' - 2017,1,1,2017,339.99,2024-04-30 23:48:30.325674,/home/malak/bikestore_dim/products/products.csv
102,Electra Townie Original 7D - 2017,1,2,2017,489.99,2024-04-30 23:48:30.325674,/home/malak/bikestore_dim/products/products.csv
103,Sun Bicycles Streamway 3 - 2017,7,2,2017,551.99,2024-04-30 23:48:30.325674,/home/malak/bikestore_dim/products/products.csv
104,Sun Bicycles Streamway - 2017,7,2,2017,481.99,2024-04-30 23:48:30.325674,/home/malak/bikestore_dim/products/products.csv
105,Sun Bicycles Streamway 7 - 2017,7,2,2017,533.99,2024-04-30 23:48:30.325674,/home/malak/bikestore_dim/products/products.csv
106,Sun Bicycles Cruz 3 - 2017,7,2,2017,449.99,2024-04-30 23:48:30.325674,/home/malak/bikestore_dim/products/products.csv
107,Sun Bicycles Cruz 7 - 2017,7,2,2017,416.99,2024-04-30 23:48:30.325674,/home/malak/bikestore_dim/products/products.csv
108,Sun Bicycles Cruz 3 - Women's - 2017,7,2,2017,449.99,2024-04-30 23:48:30.325674,/home/malak/bikestore_dim/products/products.csv
109,Sun Bicycles Cruz 7 - Women's - 2017,7,2,2017,416.99,2024-04-30 23:48:30.325674,/home/malak/bikestore_dim/products/products.csv
110,Sun Bicycles Drifter 7 - 2017,7,2,2017,470.99,2024-04-30 23:48:30.325674,/home/malak/bikestore_dim/products/products.csv
111,Sun Bicycles Drifter 7 - Women's - 2017,7,2,2017,470.99,2024-04-30 23:48:30.325674,/home/malak/bikestore_dim/products/products.csv
112,Trek 820 - 2018,9,6,2018,379.99,2024-04-30 23:48:30.325674,/home/malak/bikestore_dim/products/products.csv
113,Trek Marlin 5 - 2018,9,6,2018,489.99,2024-04-30 23:48:30.325674,/home/malak/bikestore_dim/products/products.csv
114,Trek Marlin 6 - 2018,9,6,2018,579.99,2024-04-30 23:48:30.325674,/home/malak/bikestore_dim/products/products.csv
115,Trek Fuel EX 8 29 - 2018,9,6,2018,3199.99,2024-04-30 23:48:30.325674,/home/malak/bikestore_dim/products/products.csv
116,Trek Marlin 7 - 2017/2018,9,6,2018,749.99,2024-04-30 23:48:30.325674,/home/malak/bikestore_dim/products/products.csv
117,Trek Ticket S Frame - 2018,9,6,2018,1469.99,2024-04-30 23:48:30.325674,/home/malak/bikestore_dim/products/products.csv
118,Trek X-Caliber 8 - 2018,9,6,2018,999.99,2024-04-30 23:48:30.325674,/home/malak/bikestore_dim/products/products.csv
119,Trek Kids' Neko - 2018,9,6,2018,469.99,2024-04-30 23:48:30.325674,/home/malak/bikestore_dim/products/products.csv
120,Trek Fuel EX 7 29 - 2018,9,6,2018,2499.99,2024-04-30 23:48:30.325674,/home/malak/bikestore_dim/products/products.csv
121,Surly Krampus Frameset - 2018,8,6,2018,2499.99,2024-04-30 23:48:30.325674,/home/malak/bikestore_dim/products/products.csv
122,Surly Troll Frameset - 2018,8,6,2018,2499.99,2024-04-30 23:48:30.325674,/home/malak/bikestore_dim/products/products.csv
123,Trek Farley Carbon Frameset - 2018,9,6,2018,999.99,2024-04-30 23:48:30.325674,/home/malak/bikestore_dim/products/products.csv
124,Surly Krampus - 2018,8,6,2018,1499.0,2024-04-30 23:48:30.325674,/home/malak/bikestore_dim/products/products.csv
125,Trek Kids' Dual Sport - 2018,9,6,2018,469.99,2024-04-30 23:48:30.325674,/home/malak/bikestore_dim/products/products.csv
126,Surly Big Fat Dummy Frameset - 2018,8,6,2018,469.99,2024-04-30 23:48:30.325674,/home/malak/bikestore_dim/products/products.csv
127,Surly Pack Rat Frameset - 2018,8,6,2018,469.99,2024-04-30 23:48:30.325674,/home/malak/bikestore_dim/products/products.csv
128,Surly ECR 27.5 - 2018,8,6,2018,1899.0,2024-04-30 23:48:30.325674,/home/malak/bikestore_dim/products/products.csv
129,Trek X-Caliber 7 - 2018,9,6,2018,919.99,2024-04-30 23:48:30.325674,/home/malak/bikestore_dim/products/products.csv
130,Trek Stache Carbon Frameset - 2018,9,6,2018,919.99,2024-04-30 23:48:30.325674,/home/malak/bikestore_dim/products/products.csv
131,Heller Bloodhound Trail - 2018,3,6,2018,2599.0,2024-04-30 23:48:30.325674,/home/malak/bikestore_dim/products/products.csv
132,Trek Procal AL Frameset - 2018,9,6,2018,1499.99,2024-04-30 23:48:30.325674,/home/malak/bikestore_dim/products/products.csv
133,Trek Procaliber Frameset - 2018,9,6,2018,1499.99,2024-04-30 23:48:30.325674,/home/malak/bikestore_dim/products/products.csv
134,Trek Remedy 27.5 C Frameset - 2018,9,6,2018,1499.99,2024-04-30 23:48:30.325674,/home/malak/bikestore_dim/products/products.csv
135,Trek X-Caliber Frameset - 2018,9,6,2018,1499.99,2024-04-30 23:48:30.325674,/home/malak/bikestore_dim/products/products.csv
136,Trek Procaliber 6 - 2018,9,6,2018,1799.99,2024-04-30 23:48:30.325674,/home/malak/bikestore_dim/products/products.csv
137,Heller Shagamaw GX1 - 2018,3,6,2018,2599.0,2024-04-30 23:48:30.325674,/home/malak/bikestore_dim/products/products.csv
138,Trek Fuel EX 5 Plus - 2018,9,6,2018,2249.99,2024-04-30 23:48:30.325674,/home/malak/bikestore_dim/products/products.csv
139,Trek Remedy 7 27.5 - 2018,9,6,2018,2999.99,2024-04-30 23:48:30.325674,/home/malak/bikestore_dim/products/products.csv
140,Trek Remedy 9.8 27.5 - 2018,9,6,2018,4999.99,2024-04-30 23:48:30.325674,/home/malak/bikestore_dim/products/products.csv
141,Trek Stache 5 - 2018,9,6,2018,1599.99,2024-04-30 23:48:30.325674,/home/malak/bikestore_dim/products/products.csv
142,Trek Fuel EX 8 29 XT - 2018,9,6,2018,3199.99,2024-04-30 23:48:30.325674,/home/malak/bikestore_dim/products/products.csv
143,Trek Domane ALR 3 - 2018,9,7,2018,1099.99,2024-04-30 23:48:30.325674,/home/malak/bikestore_dim/products/products.csv
144,Trek Domane ALR 4 Disc - 2018,9,7,2018,1549.99,2024-04-30 23:48:30.325674,/home/malak/bikestore_dim/products/products.csv
145,Trek Domane ALR 5 Disc - 2018,9,7,2018,1799.99,2024-04-30 23:48:30.325674,/home/malak/bikestore_dim/products/products.csv
146,Trek Domane SLR 6 - 2018,9,7,2018,4999.99,2024-04-30 23:48:30.325674,/home/malak/bikestore_dim/products/products.csv
147,Trek Domane ALR 5 Gravel - 2018,9,7,2018,1799.99,2024-04-30 23:48:30.325674,/home/malak/bikestore_dim/products/products.csv
148,Trek Domane SL 8 Disc - 2018,9,7,2018,5499.99,2024-04-30 23:48:30.325674,/home/malak/bikestore_dim/products/products.csv
149,Trek Domane SLR 8 Disc - 2018,9,7,2018,7499.99,2024-04-30 23:48:30.325674,/home/malak/bikestore_dim/products/products.csv
150,Trek Emonda SL 7 - 2018,9,7,2018,4499.99,2024-04-30 23:48:30.325674,/home/malak/bikestore_dim/products/products.csv
151,Trek Domane ALR 4 Disc Women's - 2018,9,7,2018,1549.99,2024-04-30 23:48:30.325674,/home/malak/bikestore_dim/products/products.csv
152,Trek Domane SL 5 Disc Women's - 2018,9,7,2018,2499.99,2024-04-30 23:48:30.325674,/home/malak/bikestore_dim/products/products.csv
153,Trek Domane SL 7 Women's - 2018,9,7,2018,4999.99,2024-04-30 23:48:30.325674,/home/malak/bikestore_dim/products/products.csv
154,Trek Domane SLR 6 Disc Women's - 2018,9,7,2018,5499.99,2024-04-30 23:48:30.325674,/home/malak/bikestore_dim/products/products.csv
155,Trek Domane SLR 9 Disc - 2018,9,7,2018,11999.99,2024-04-30 23:48:30.325674,/home/malak/bikestore_dim/products/products.csv
156,Trek Domane SL Frameset - 2018,9,7,2018,6499.99,2024-04-30 23:48:30.325674,/home/malak/bikestore_dim/products/products.csv
157,Trek Domane SL Frameset Women's - 2018,9,7,2018,6499.99,2024-04-30 23:48:30.325674,/home/malak/bikestore_dim/products/products.csv
158,Trek CrossRip 1 - 2018,9,7,2018,959.99,2024-04-30 23:48:30.325674,/home/malak/bikestore_dim/products/products.csv
159,Trek Emonda ALR 6 - 2018,9,7,2018,2299.99,2024-04-30 23:48:30.325674,/home/malak/bikestore_dim/products/products.csv
160,Trek Emonda SLR 6 - 2018,9,7,2018,4499.99,2024-04-30 23:48:30.325674,/home/malak/bikestore_dim/products/products.csv
161,Surly ECR - 2018,8,7,2018,1899.0,2024-04-30 23:48:30.325674,/home/malak/bikestore_dim/products/products.csv
162,Trek Emonda SL 6 Disc - 2018,9,7,2018,2999.99,2024-04-30 23:48:30.325674,/home/malak/bikestore_dim/products/products.csv
163,Surly Pack Rat - 2018,8,7,2018,1349.0,2024-04-30 23:48:30.325674,/home/malak/bikestore_dim/products/products.csv
164,Surly Straggler 650b - 2018,8,7,2018,1549.0,2024-04-30 23:48:30.325674,/home/malak/bikestore_dim/products/products.csv
165,Trek 1120 - 2018,9,7,2018,2499.99,2024-04-30 23:48:30.325674,/home/malak/bikestore_dim/products/products.csv
166,Trek Domane AL 2 Women's - 2018,9,7,2018,749.99,2024-04-30 23:48:30.325674,/home/malak/bikestore_dim/products/products.csv
167,Surly ECR Frameset - 2018,8,7,2018,749.99,2024-04-30 23:48:30.325674,/home/malak/bikestore_dim/products/products.csv
168,Surly Straggler - 2018,8,7,2018,1549.0,2024-04-30 23:48:30.325674,/home/malak/bikestore_dim/products/products.csv
169,Trek Emonda SLR 8 - 2018,9,7,2018,6499.99,2024-04-30 23:48:30.325674,/home/malak/bikestore_dim/products/products.csv
170,Trek CrossRip 2 - 2018,9,7,2018,1299.99,2024-04-30 23:48:30.325674,/home/malak/bikestore_dim/products/products.csv
171,Trek Domane SL 6 - 2018,9,7,2018,3199.99,2024-04-30 23:48:30.325674,/home/malak/bikestore_dim/products/products.csv
172,Trek Domane ALR Disc Frameset - 2018,9,7,2018,3199.99,2024-04-30 23:48:30.325674,/home/malak/bikestore_dim/products/products.csv
173,Trek Domane ALR Frameset - 2018,9,7,2018,3199.99,2024-04-30 23:48:30.325674,/home/malak/bikestore_dim/products/products.csv
174,Trek Domane SLR Disc Frameset - 2018,9,7,2018,3199.99,2024-04-30 23:48:30.325674,/home/malak/bikestore_dim/products/products.csv
175,Trek Domane SLR Frameset - 2018,9,7,2018,3199.99,2024-04-30 23:48:30.325674,/home/malak/bikestore_dim/products/products.csv
176,Trek Madone 9 Frameset - 2018,9,7,2018,3199.99,2024-04-30 23:48:30.325674,/home/malak/bikestore_dim/products/products.csv
177,Trek Domane SLR 6 Disc - 2018,9,7,2018,5499.99,2024-04-30 23:48:30.325674,/home/malak/bikestore_dim/products/products.csv
178,Trek Domane AL 2 - 2018,9,7,2018,749.99,2024-04-30 23:48:30.325674,/home/malak/bikestore_dim/products/products.csv
179,Trek Domane AL 3 - 2018,9,7,2018,919.99,2024-04-30 23:48:30.325674,/home/malak/bikestore_dim/products/products.csv
180,Trek Domane AL 3 Women's - 2018,9,7,2018,919.99,2024-04-30 23:48:30.325674,/home/malak/bikestore_dim/products/products.csv
181,Trek Domane SL 5 - 2018,9,7,2018,2199.99,2024-04-30 23:48:30.325674,/home/malak/bikestore_dim/products/products.csv
182,Trek Domane SL 5 Disc - 2018,9,7,2018,2499.99,2024-04-30 23:48:30.325674,/home/malak/bikestore_dim/products/products.csv
183,Trek Domane SL 5 Women's - 2018,9,7,2018,2199.99,2024-04-30 23:48:30.325674,/home/malak/bikestore_dim/products/products.csv
184,Trek Domane SL 6 Disc - 2018,9,7,2018,3499.99,2024-04-30 23:48:30.325674,/home/malak/bikestore_dim/products/products.csv
185,Trek Conduit+ - 2018,9,5,2018,2799.99,2024-04-30 23:48:30.325674,/home/malak/bikestore_dim/products/products.csv
186,Trek CrossRip+ - 2018,9,5,2018,4499.99,2024-04-30 23:48:30.325674,/home/malak/bikestore_dim/products/products.csv
187,Trek Neko+ - 2018,9,5,2018,2799.99,2024-04-30 23:48:30.325674,/home/malak/bikestore_dim/products/products.csv
188,Trek XM700+ Lowstep - 2018,9,5,2018,3499.99,2024-04-30 23:48:30.325674,/home/malak/bikestore_dim/products/products.csv
189,Trek Lift+ Lowstep - 2018,9,5,2018,2799.99,2024-04-30 23:48:30.325674,/home/malak/bikestore_dim/products/products.csv
190,Trek Dual Sport+ - 2018,9,5,2018,2799.99,2024-04-30 23:48:30.325674,/home/malak/bikestore_dim/products/products.csv
191,Electra Loft Go! 8i - 2018,1,5,2018,2799.99,2024-04-30 23:48:30.325674,/home/malak/bikestore_dim/products/products.csv
188,Trek XM700+ Lowstep - 2018,9,5,2018,3499.99,2024-04-30 23:48:30.325674,/home/malak/bikestore_dim/products/products.csv
189,Trek Lift+ Lowstep - 2018,9,5,2018,2799.99,2024-04-30 23:48:30.325674,/home/malak/bikestore_dim/products/products.csv
190,Trek Dual Sport+ - 2018,9,5,2018,2799.99,2024-04-30 23:48:30.325674,/home/malak/bikestore_dim/products/products.csv
192,Electra Townie Go! 8i - 2017/2018,1,5,2018,2599.99,2024-04-30 23:48:30.325674,/home/malak/bikestore_dim/products/products.csv
193,Trek Lift+ - 2018,9,5,2018,2799.99,2024-04-30 23:48:30.325674,/home/malak/bikestore_dim/products/products.csv
194,Trek XM700+ - 2018,9,5,2018,3499.99,2024-04-30 23:48:30.325674,/home/malak/bikestore_dim/products/products.csv
195,Electra Townie Go! 8i Ladies' - 2018,1,5,2018,2599.99,2024-04-30 23:48:30.325674,/home/malak/bikestore_dim/products/products.csv
196,Trek Verve+ - 2018,9,5,2018,2299.99,2024-04-30 23:48:30.325674,/home/malak/bikestore_dim/products/products.csv
197,Trek Verve+ Lowstep - 2018,9,5,2018,2299.99,2024-04-30 23:48:30.325674,/home/malak/bikestore_dim/products/products.csv
198,Electra Townie Commute Go! - 2018,1,5,2018,2999.99,2024-04-30 23:48:30.325674,/home/malak/bikestore_dim/products/products.csv
199,Electra Townie Commute Go! Ladies' - 2018,1,5,2018,2999.99,2024-04-30 23:48:30.325674,/home/malak/bikestore_dim/products/products.csv
200,Trek Powerfly 5 - 2018,9,5,2018,3499.99,2024-04-30 23:48:30.325674,/home/malak/bikestore_dim/products/products.csv
201,Trek Powerfly 5 FS - 2018,9,5,2018,4499.99,2024-04-30 23:48:30.325674,/home/malak/bikestore_dim/products/products.csv
202,Trek Powerfly 5 Women's - 2018,9,5,2018,3499.99,2024-04-30 23:48:30.325674,/home/malak/bikestore_dim/products/products.csv
203,Trek Powerfly 7 FS - 2018,9,5,2018,4999.99,2024-04-30 23:48:30.325674,/home/malak/bikestore_dim/products/products.csv
204,Trek Super Commuter+ 7 - 2018,9,5,2018,3599.99,2024-04-30 23:48:30.325674,/home/malak/bikestore_dim/products/products.csv
205,Trek Super Commuter+ 8S - 2018,9,5,2018,4999.99,2024-04-30 23:48:30.325674,/home/malak/bikestore_dim/products/products.csv
206,Trek Boone 5 Disc - 2018,9,4,2018,3299.99,2024-04-30 23:48:30.325674,/home/malak/bikestore_dim/products/products.csv
207,Trek Boone 7 Disc - 2018,9,4,2018,3999.99,2024-04-30 23:48:30.325674,/home/malak/bikestore_dim/products/products.csv
208,Trek Crockett 5 Disc - 2018,9,4,2018,1799.99,2024-04-30 23:48:30.325674,/home/malak/bikestore_dim/products/products.csv
209,Trek Crockett 7 Disc - 2018,9,4,2018,2999.99,2024-04-30 23:48:30.325674,/home/malak/bikestore_dim/products/products.csv
210,Surly Straggler - 2018,8,4,2018,1549.0,2024-04-30 23:48:30.325674,/home/malak/bikestore_dim/products/products.csv
211,Surly Straggler 650b - 2018,8,4,2018,1549.0,2024-04-30 23:48:30.325674,/home/malak/bikestore_dim/products/products.csv
212,Electra Townie Original 21D - 2018,1,3,2018,559.99,2024-04-30 23:48:30.325674,/home/malak/bikestore_dim/products/products.csv
213,Electra Cruiser 1 - 2016/2017/2018,1,3,2018,269.99,2024-04-30 23:48:30.325674,/home/malak/bikestore_dim/products/products.csv
214,Electra Tiger Shark 3i - 2018,1,3,2018,899.99,2024-04-30 23:48:30.325674,/home/malak/bikestore_dim/products/products.csv
215,Electra Queen of Hearts 3i - 2018,1,3,2018,749.99,2024-04-30 23:48:30.325674,/home/malak/bikestore_dim/products/products.csv
216,Electra Super Moto 8i - 2018,1,3,2018,899.99,2024-04-30 23:48:30.325674,/home/malak/bikestore_dim/products/products.csv
217,Electra Straight 8 3i - 2018,1,3,2018,909.99,2024-04-30 23:48:30.325674,/home/malak/bikestore_dim/products/products.csv
218,Electra Cruiser 7D - 2016/2017/2018,1,3,2018,319.99,2024-04-30 23:48:30.325674,/home/malak/bikestore_dim/products/products.csv
219,Electra Moto 3i - 2018,1,3,2018,639.99,2024-04-30 23:48:30.325674,/home/malak/bikestore_dim/products/products.csv
220,Electra Cruiser 1 Ladies' - 2018,1,3,2018,269.99,2024-04-30 23:48:30.325674,/home/malak/bikestore_dim/products/products.csv
221,Electra Cruiser 7D Ladies' - 2016/2018,1,3,2018,319.99,2024-04-30 23:48:30.325674,/home/malak/bikestore_dim/products/products.csv
222,Electra Cruiser 1 Tall - 2016/2018,1,3,2018,269.99,2024-04-30 23:48:30.325674,/home/malak/bikestore_dim/products/products.csv
223,Electra Cruiser Lux 3i - 2018,1,3,2018,529.99,2024-04-30 23:48:30.325674,/home/malak/bikestore_dim/products/products.csv
224,Electra Cruiser Lux 7D - 2018,1,3,2018,479.99,2024-04-30 23:48:30.325674,/home/malak/bikestore_dim/products/products.csv
225,Electra Delivery 3i - 2016/2017/2018,1,3,2018,959.99,2024-04-30 23:48:30.325674,/home/malak/bikestore_dim/products/products.csv
226,Electra Townie Original 21D EQ - 2017/2018,1,3,2018,679.99,2024-04-30 23:48:30.325674,/home/malak/bikestore_dim/products/products.csv
227,Electra Cruiser 7D (24-Inch) Ladies' - 2016/2018,1,3,2018,319.99,2024-04-30 23:48:30.325674,/home/malak/bikestore_dim/products/products.csv
228,Electra Cruiser 7D Tall - 2016/2018,1,3,2018,319.99,2024-04-30 23:48:30.325674,/home/malak/bikestore_dim/products/products.csv
229,Electra Cruiser Lux 1 - 2016/2018,1,3,2018,429.99,2024-04-30 23:48:30.325674,/home/malak/bikestore_dim/products/products.csv
230,Electra Cruiser Lux 1 Ladies' - 2018,1,3,2018,429.99,2024-04-30 23:48:30.325674,/home/malak/bikestore_dim/products/products.csv
231,Electra Cruiser Lux 3i Ladies' - 2018,1,3,2018,529.99,2024-04-30 23:48:30.325674,/home/malak/bikestore_dim/products/products.csv
232,Electra Cruiser Lux 7D Ladies' - 2018,1,3,2018,479.99,2024-04-30 23:48:30.325674,/home/malak/bikestore_dim/products/products.csv
233,Electra Cruiser Lux Fat Tire 7D - 2018,1,3,2018,639.99,2024-04-30 23:48:30.325674,/home/malak/bikestore_dim/products/products.csv
234,Electra Daydreamer 3i Ladies' - 2018,1,3,2018,899.99,2024-04-30 23:48:30.325674,/home/malak/bikestore_dim/products/products.csv
235,Electra Koa 3i Ladies' - 2018,1,3,2018,899.99,2024-04-30 23:48:30.325674,/home/malak/bikestore_dim/products/products.csv
236,Electra Morningstar 3i Ladies' - 2018,1,3,2018,749.99,2024-04-30 23:48:30.325674,/home/malak/bikestore_dim/products/products.csv
237,Electra Relic 3i - 2018,1,3,2018,849.99,2024-04-30 23:48:30.325674,/home/malak/bikestore_dim/products/products.csv
238,Electra Townie Balloon 8D EQ - 2016/2017/2018,1,3,2018,749.99,2024-04-30 23:48:30.325674,/home/malak/bikestore_dim/products/products.csv
239,Electra Townie Balloon 8D EQ Ladies' - 2016/2017/2018,1,3,2018,749.99,2024-04-30 23:48:30.325674,/home/malak/bikestore_dim/products/products.csv
240,Electra Townie Commute 27D Ladies - 2018,1,3,2018,899.99,2024-04-30 23:48:30.325674,/home/malak/bikestore_dim/products/products.csv
241,Electra Townie Commute 8D - 2018,1,3,2018,749.99,2024-04-30 23:48:30.325674,/home/malak/bikestore_dim/products/products.csv
242,Electra Townie Commute 8D Ladies' - 2018,1,3,2018,699.99,2024-04-30 23:48:30.325674,/home/malak/bikestore_dim/products/products.csv
243,Electra Townie Original 21D EQ Ladies' - 2018,1,3,2018,679.99,2024-04-30 23:48:30.325674,/home/malak/bikestore_dim/products/products.csv
244,Electra Townie Original 21D Ladies' - 2018,1,3,2018,559.99,2024-04-30 23:48:30.325674,/home/malak/bikestore_dim/products/products.csv
245,Electra Townie Original 3i EQ - 2017/2018,1,3,2018,659.99,2024-04-30 23:48:30.325674,/home/malak/bikestore_dim/products/products.csv
246,Electra Townie Original 3i EQ Ladies' - 2018,1,3,2018,639.99,2024-04-30 23:48:30.325674,/home/malak/bikestore_dim/products/products.csv
247,Electra Townie Original 7D EQ - 2018,1,3,2018,599.99,2024-04-30 23:48:30.325674,/home/malak/bikestore_dim/products/products.csv
248,Electra Townie Original 7D EQ Ladies' - 2017/2018,1,3,2018,599.99,2024-04-30 23:48:30.325674,/home/malak/bikestore_dim/products/products.csv
249,Electra White Water 3i - 2018,1,3,2018,749.99,2024-04-30 23:48:30.325674,/home/malak/bikestore_dim/products/products.csv
250,Electra Townie Go! 8i - 2017/2018,1,3,2018,2599.99,2024-04-30 23:48:30.325674,/home/malak/bikestore_dim/products/products.csv
251,Electra Townie Commute Go! - 2018,1,3,2018,2999.99,2024-04-30 23:48:30.325674,/home/malak/bikestore_dim/products/products.csv
252,Electra Townie Commute Go! Ladies' - 2018,1,3,2018,2999.99,2024-04-30 23:48:30.325674,/home/malak/bikestore_dim/products/products.csv
253,Electra Townie Go! 8i Ladies' - 2018,1,3,2018,2599.99,2024-04-30 23:48:30.325674,/home/malak/bikestore_dim/products/products.csv
254,Electra Townie Balloon 3i EQ - 2017/2018,1,3,2018,749.99,2024-04-30 23:48:30.325674,/home/malak/bikestore_dim/products/products.csv
255,Electra Townie Balloon 7i EQ Ladies' - 2017/2018,1,3,2018,899.99,2024-04-30 23:48:30.325674,/home/malak/bikestore_dim/products/products.csv
256,Electra Townie Commute 27D - 2018,1,3,2018,899.99,2024-04-30 23:48:30.325674,/home/malak/bikestore_dim/products/products.csv
257,Electra Amsterdam Fashion 3i Ladies' - 2017/2018,1,3,2018,899.99,2024-04-30 23:48:30.325674,/home/malak/bikestore_dim/products/products.csv
258,Electra Amsterdam Royal 8i - 2017/2018,1,3,2018,1259.9,2024-04-30 23:48:30.325674,/home/malak/bikestore_dim/products/products.csv
259,Electra Amsterdam Royal 8i Ladies - 2018,1,3,2018,1199.99,2024-04-30 23:48:30.325674,/home/malak/bikestore_dim/products/products.csv
260,Electra Townie Balloon 3i EQ Ladies' - 2018,1,3,2018,799.99,2024-04-30 23:48:30.325674,/home/malak/bikestore_dim/products/products.csv
261,Electra Townie Balloon 7i EQ - 2018,1,3,2018,899.99,2024-04-30 23:48:30.325674,/home/malak/bikestore_dim/products/products.csv
262,Trek MT 201 - 2018,9,1,2018,249.99,2024-04-30 23:48:30.325674,/home/malak/bikestore_dim/products/products.csv
263,Strider Classic 12 Balance Bike - 2018,6,1,2018,89.99,2024-04-30 23:48:30.325674,/home/malak/bikestore_dim/products/products.csv
264,Strider Sport 16 - 2018,6,1,2018,249.99,2024-04-30 23:48:30.325674,/home/malak/bikestore_dim/products/products.csv
265,Strider Strider 20 Sport - 2018,6,1,2018,289.99,2024-04-30 23:48:30.325674,/home/malak/bikestore_dim/products/products.csv
266,Trek Superfly 20 - 2018,9,1,2018,399.99,2024-04-30 23:48:30.325674,/home/malak/bikestore_dim/products/products.csv
267,Trek Precaliber 12 Girl's - 2018,9,1,2018,199.99,2024-04-30 23:48:30.325674,/home/malak/bikestore_dim/products/products.csv
268,Trek Kickster - 2018,9,1,2018,159.99,2024-04-30 23:48:30.325674,/home/malak/bikestore_dim/products/products.csv
269,Trek Precaliber 12 Boy's - 2018,9,1,2018,199.99,2024-04-30 23:48:30.325674,/home/malak/bikestore_dim/products/products.csv
270,Trek Precaliber 16 Boy's - 2018,9,1,2018,209.99,2024-04-30 23:48:30.325674,/home/malak/bikestore_dim/products/products.csv
271,Trek Precaliber 16 Girl's - 2018,9,1,2018,209.99,2024-04-30 23:48:30.325674,/home/malak/bikestore_dim/products/products.csv
272,Trek Precaliber 20 6-speed Boy's - 2018,9,1,2018,289.99,2024-04-30 23:48:30.325674,/home/malak/bikestore_dim/products/products.csv
273,Trek Precaliber 20 6-speed Girl's - 2018,9,1,2018,289.99,2024-04-30 23:48:30.325674,/home/malak/bikestore_dim/products/products.csv
274,Trek Precaliber 20 Boy's - 2018,9,1,2018,229.99,2024-04-30 23:48:30.325674,/home/malak/bikestore_dim/products/products.csv
275,Trek Precaliber 20 Girl's - 2018,9,1,2018,229.99,2024-04-30 23:48:30.325674,/home/malak/bikestore_dim/products/products.csv
276,Trek Precaliber 24 (7-Speed) - Boys - 2018,9,1,2018,319.99,2024-04-30 23:48:30.325674,/home/malak/bikestore_dim/products/products.csv
277,Trek Precaliber 24 21-speed Boy's - 2018,9,1,2018,369.99,2024-04-30 23:48:30.325674,/home/malak/bikestore_dim/products/products.csv
278,Trek Precaliber 24 21-speed Girl's - 2018,9,1,2018,369.99,2024-04-30 23:48:30.325674,/home/malak/bikestore_dim/products/products.csv
279,Trek Precaliber 24 7-speed Girl's - 2018,9,1,2018,319.99,2024-04-30 23:48:30.325674,/home/malak/bikestore_dim/products/products.csv
280,Trek Superfly 24 - 2017/2018,9,1,2018,489.99,2024-04-30 23:48:30.325674,/home/malak/bikestore_dim/products/products.csv
281,Electra Cruiser 7D (24-Inch) Ladies' - 2016/2018,1,1,2018,319.99,2024-04-30 23:48:30.325674,/home/malak/bikestore_dim/products/products.csv
282,Electra Cyclosaurus 1 (16-inch) - Boy's - 2018,1,1,2018,279.99,2024-04-30 23:48:30.325674,/home/malak/bikestore_dim/products/products.csv
283,Electra Heartchya 1 (20-inch) - Girl's - 2018,1,1,2018,319.99,2024-04-30 23:48:30.325674,/home/malak/bikestore_dim/products/products.csv
284,Electra Savannah 1 (20-inch) - Girl's - 2018,1,1,2018,319.99,2024-04-30 23:48:30.325674,/home/malak/bikestore_dim/products/products.csv
285,Electra Soft Serve 1 (16-inch) - Girl's - 2018,1,1,2018,279.99,2024-04-30 23:48:30.325674,/home/malak/bikestore_dim/products/products.csv
286,"Electra Starship 1 16"" - 2018",1,1,2018,279.99,2024-04-30 23:48:30.325674,/home/malak/bikestore_dim/products/products.csv
287,Electra Straight 8 1 (16-inch) - Boy's - 2018,1,1,2018,279.99,2024-04-30 23:48:30.325674,/home/malak/bikestore_dim/products/products.csv
288,Electra Straight 8 1 (20-inch) - Boy's - 2018,1,1,2018,389.99,2024-04-30 23:48:30.325674,/home/malak/bikestore_dim/products/products.csv
289,"Electra Superbolt 1 20"" - 2018",1,1,2018,319.99,2024-04-30 23:48:30.325674,/home/malak/bikestore_dim/products/products.csv
290,"Electra Superbolt 3i 20"" - 2018",1,1,2018,369.99,2024-04-30 23:48:30.325674,/home/malak/bikestore_dim/products/products.csv
291,Electra Sweet Ride 1 (20-inch) - Girl's - 2018,1,1,2018,319.99,2024-04-30 23:48:30.325674,/home/malak/bikestore_dim/products/products.csv
292,Electra Sweet Ride 3i (20-inch) - Girls' - 2018,1,1,2018,369.99,2024-04-30 23:48:30.325674,/home/malak/bikestore_dim/products/products.csv
293,Electra Tiger Shark 1 (20-inch) - Boys' - 2018,1,1,2018,319.99,2024-04-30 23:48:30.325674,/home/malak/bikestore_dim/products/products.csv
294,Electra Tiger Shark 3i (20-inch) - Boys' - 2018,1,1,2018,369.99,2024-04-30 23:48:30.325674,/home/malak/bikestore_dim/products/products.csv
291,Electra Sweet Ride 1 (20-inch) - Girl's - 2018,1,1,2018,319.99,2024-04-30 23:48:30.325674,/home/malak/bikestore_dim/products/products.csv
292,Electra Sweet Ride 3i (20-inch) - Girls' - 2018,1,1,2018,369.99,2024-04-30 23:48:30.325674,/home/malak/bikestore_dim/products/products.csv
293,Electra Tiger Shark 1 (20-inch) - Boys' - 2018,1,1,2018,319.99,2024-04-30 23:48:30.325674,/home/malak/bikestore_dim/products/products.csv
294,Electra Tiger Shark 3i (20-inch) - Boys' - 2018,1,1,2018,369.99,2024-04-30 23:48:30.325674,/home/malak/bikestore_dim/products/products.csv
295,"Electra Treasure 1 20"" - 2018",1,1,2018,319.99,2024-04-30 23:48:30.325674,/home/malak/bikestore_dim/products/products.csv
296,"Electra Treasure 3i 20"" - 2018",1,1,2018,369.99,2024-04-30 23:48:30.325674,/home/malak/bikestore_dim/products/products.csv
297,"Electra Under-The-Sea 1 16"" - 2018",1,1,2018,279.99,2024-04-30 23:48:30.325674,/home/malak/bikestore_dim/products/products.csv
298,Electra Water Lily 1 (16-inch) - Girl's - 2018,1,1,2018,279.99,2024-04-30 23:48:30.325674,/home/malak/bikestore_dim/products/products.csv
299,Electra Townie Original 21D - 2018,1,2,2018,559.99,2024-04-30 23:48:30.325674,/home/malak/bikestore_dim/products/products.csv
300,Electra Townie Balloon 3i EQ Ladies' - 2018,1,2,2018,799.99,2024-04-30 23:48:30.325674,/home/malak/bikestore_dim/products/products.csv
301,Electra Townie Balloon 7i EQ - 2018,1,2,2018,899.99,2024-04-30 23:48:30.325674,/home/malak/bikestore_dim/products/products.csv
302,Electra Townie Original 1 - 2018,1,2,2018,449.99,2024-04-30 23:48:30.325674,/home/malak/bikestore_dim/products/products.csv
303,Electra Townie Go! 8i - 2017/2018,1,2,2018,2599.99,2024-04-30 23:48:30.325674,/home/malak/bikestore_dim/products/products.csv
304,Electra Townie Original 21D EQ - 2017/2018,1,2,2018,679.99,2024-04-30 23:48:30.325674,/home/malak/bikestore_dim/products/products.csv
305,Electra Townie Balloon 3i EQ - 2017/2018,1,2,2018,749.99,2024-04-30 23:48:30.325674,/home/malak/bikestore_dim/products/products.csv
306,Electra Townie Balloon 7i EQ Ladies' - 2017/2018,1,2,2018,899.99,2024-04-30 23:48:30.325674,/home/malak/bikestore_dim/products/products.csv
307,Electra Townie Balloon 8D EQ - 2016/2017/2018,1,2,2018,749.99,2024-04-30 23:48:30.325674,/home/malak/bikestore_dim/products/products.csv
308,Electra Townie Balloon 8D EQ Ladies' - 2016/2017/2018,1,2,2018,749.99,2024-04-30 23:48:30.325674,/home/malak/bikestore_dim/products/products.csv
309,Electra Townie Commute 27D - 2018,1,2,2018,899.99,2024-04-30 23:48:30.325674,/home/malak/bikestore_dim/products/products.csv
310,Electra Townie Commute 27D Ladies - 2018,1,2,2018,899.99,2024-04-30 23:48:30.325674,/home/malak/bikestore_dim/products/products.csv
311,Electra Townie Commute 8D - 2018,1,2,2018,749.99,2024-04-30 23:48:30.325674,/home/malak/bikestore_dim/products/products.csv
312,Electra Townie Commute 8D Ladies' - 2018,1,2,2018,699.99,2024-04-30 23:48:30.325674,/home/malak/bikestore_dim/products/products.csv
313,Electra Townie Original 1 Ladies' - 2018,1,2,2018,449.99,2024-04-30 23:48:30.325674,/home/malak/bikestore_dim/products/products.csv
314,Electra Townie Original 21D EQ Ladies' - 2018,1,2,2018,679.99,2024-04-30 23:48:30.325674,/home/malak/bikestore_dim/products/products.csv
315,Electra Townie Original 21D Ladies' - 2018,1,2,2018,559.99,2024-04-30 23:48:30.325674,/home/malak/bikestore_dim/products/products.csv
316,Trek Checkpoint ALR 4 Women's - 2019,9,7,2019,1699.99,2024-04-30 23:48:30.325674,/home/malak/bikestore_dim/products/products.csv
317,Trek Checkpoint ALR 5 - 2019,9,7,2019,1999.99,2024-04-30 23:48:30.325674,/home/malak/bikestore_dim/products/products.csv
318,Trek Checkpoint ALR 5 Women's - 2019,9,7,2019,1999.99,2024-04-30 23:48:30.325674,/home/malak/bikestore_dim/products/products.csv
319,Trek Checkpoint SL 5 Women's - 2019,9,7,2019,2799.99,2024-04-30 23:48:30.325674,/home/malak/bikestore_dim/products/products.csv
320,Trek Checkpoint SL 6 - 2019,9,7,2019,3799.99,2024-04-30 23:48:30.325674,/home/malak/bikestore_dim/products/products.csv
321,Trek Checkpoint ALR Frameset - 2019,9,7,2019,3199.99,2024-04-30 23:48:30.325674,/home/malak/bikestore_dim/products/products.csv
